Date,Open,High,Low,Close,Volume,AdjClose
2020-12-17,128.91,129.58,128.04,128.7,65084292.0,125.28
2020-12-18,128.93,129.1,126.12,126.66,95137509.0,123.3
2020-12-21,125.04,128.31,123.44,128.23,87399181.0,124.83
2020-12-22,131.59,134.41,129.65,131.88,139018417.0,128.38
2020-12-23,132.14,132.43,130.78,130.96,65524758.0,127.48
2020-12-24,131.33,133.46,131.1,131.97,45857271.0,128.47
2020-12-28,133.99,137.34,133.51,136.69,101045308.0,133.06
2020-12-29,138.07,138.79,134.34,134.87,100350209.0,131.29
2020-12-30,135.54,135.99,133.4,133.72,76992497.0,130.17
2020-12-31,134.04,134.74,131.72,132.69,74842982.0,129.17
2021-01-04,133.52,133.62,126.8,129.41,100655506.0,125.97
2021-01-05,128.88,131.74,128.43,131.01,72258461.0,127.53
2021-01-06,127.72,131.05,126.38,126.6,121591559.0,123.24
2021-01-07,128.4,131.63,127.86,130.92,84308570.0,127.44
2021-01-08,132.43,132.63,130.23,132.05,81404848.0,128.54
2021-01-11,129.16,130.17,128.5,128.98,72922367.0,125.56
2021-01-12,128.52,129.69,126.86,128.8,71925546.0,125.38
2021-01-13,128.69,131.45,128.49,130.89,69194324.0,127.42
2021-01-14,130.8,131.0,128.76,128.91,66726106.0,125.49
2021-01-15,128.68,130.23,127.0,127.14,77016212.0,123.76
2021-01-19,127.72,128.71,126.93,127.83,60967833.0,124.44
2021-01-20,128.59,132.49,128.55,132.03,76874934.0,128.52
2021-01-21,133.84,139.67,133.59,136.87,91698793.0,133.24
2021-01-22,136.3,139.85,135.02,139.07,89529879.0,135.38
2021-01-25,143.03,145.09,136.54,142.92,119754818.0,139.13
2021-01-26,143.6,144.3,141.37,143.16,75027856.0,139.36
2021-01-27,143.42,144.3,140.41,142.06,94863467.0,138.29
2021-01-28,139.47,141.99,136.7,137.09,107554702.0,133.45
2021-01-29,135.9,136.74,130.21,131.96,133891871.0,128.46
2021-02-01,133.69,135.38,131.0,134.14,83025656.0,130.58
2021-02-02,135.62,136.31,134.61,134.99,60137230.0,131.41
2021-02-03,135.52,135.77,133.61,133.94,60981232.0,130.38
2021-02-04,136.35,137.4,134.59,137.39,60933991.0,133.74
2021-02-05,137.32,137.42,135.86,136.76,56733472.0,133.33
2021-02-08,135.98,136.96,134.93,136.91,52877360.0,133.47
2021-02-09,136.71,137.88,135.85,136.01,51214603.0,132.6
2021-02-10,136.47,136.99,134.4,135.39,51383478.0,131.99
2021-02-11,135.92,136.39,133.77,135.13,47751183.0,131.74
2021-02-12,134.28,135.53,133.69,135.37,45472543.0,131.97
2021-02-16,135.47,136.01,132.79,133.19,59574139.0,129.85
2021-02-17,131.23,132.22,129.47,130.84,73758951.0,127.56
2021-02-18,129.24,130.0,127.42,129.71,72928325.0,126.46
2021-02-19,130.19,130.71,128.8,129.87,65274261.0,126.61
2021-02-22,128.05,129.72,125.6,126.0,78446659.0,122.84
2021-02-23,123.76,126.71,118.39,125.86,122863543.0,122.7
2021-02-24,124.95,125.56,122.23,125.35,86286885.0,122.2
2021-02-25,124.64,126.46,120.54,120.99,112655073.0,117.95
2021-02-26,122.59,124.85,121.25,121.26,113031548.0,118.22
2021-03-01,123.77,127.93,122.79,127.79,87356206.0,124.58
2021-03-02,128.4,128.72,125.01,125.12,76838973.0,121.98
2021-03-03,124.77,125.71,121.84,122.06,82452531.0,119.0
2021-03-04,121.73,123.6,118.62,120.13,130749900.0,117.12
2021-03-05,121.0,121.94,117.57,121.42,116900282.0,118.37
2021-03-08,120.97,121.0,116.21,116.36,115189494.0,113.44
2021-03-09,119.01,122.05,118.79,121.09,95005196.0,118.05
2021-03-10,121.54,122.17,119.45,119.98,86691617.0,116.97
2021-03-11,122.31,123.21,121.26,121.96,78011789.0,118.9
2021-03-12,120.39,121.17,119.16,121.03,69619676.0,117.99
2021-03-15,121.39,124.0,120.42,123.99,67742817.0,120.88
2021-03-16,125.71,127.22,124.71,125.57,92674023.0,122.42
2021-03-17,124.07,125.86,122.33,124.76,88015235.0,121.63
2021-03-18,122.85,123.18,120.32,120.53,90611184.0,117.51
2021-03-19,119.9,121.43,119.67,119.99,96269297.0,116.98
2021-03-22,120.31,123.87,120.26,123.39,77966029.0,120.29
2021-03-23,123.31,124.24,122.14,122.54,72299488.0,119.47
2021-03-24,122.79,122.9,120.06,120.09,68564879.0,117.08
2021-03-25,119.59,121.66,119.0,120.59,77575511.0,117.56
2021-03-26,120.39,121.48,118.92,121.21,73404796.0,118.17
2021-03-29,121.65,122.58,120.72,121.39,61125437.0,118.34
2021-03-30,120.1,120.41,118.86,119.9,67151632.0,116.89
2021-03-31,121.65,123.52,121.15,122.15,84214266.0,119.08
2021-04-01,123.64,124.18,122.49,123.0,58142715.0,119.91
2021-04-05,123.76,126.17,123.07,125.9,69453288.0,122.74
2021-04-06,126.53,127.13,125.65,126.21,62869136.0,123.04
2021-04-07,125.82,127.92,125.14,127.9,67044483.0,124.69
2021-04-08,128.96,130.39,128.52,130.36,70632804.0,127.09
2021-04-09,129.9,133.04,129.47,133.0,84157265.0,129.66
2021-04-12,132.58,132.85,130.63,131.24,68272686.0,127.95
2021-04-13,132.51,134.66,131.93,134.43,70853319.0,131.06
2021-04-14,134.94,135.0,131.65,132.03,67376280.0,128.72
2021-04-15,133.85,135.0,133.64,134.5,66090815.0,131.12
2021-04-16,134.3,134.67,133.28,134.16,60207231.0,130.79
2021-04-19,133.47,135.47,133.34,134.84,65598794.0,131.46
2021-04-20,135.02,135.53,131.81,133.11,76477003.0,129.77
2021-04-21,132.39,133.75,131.3,133.5,54497737.0,130.15
2021-04-22,133.04,134.15,131.41,131.94,67239840.0,128.63
2021-04-23,132.16,135.12,132.16,134.32,61963311.0,130.95
2021-04-26,134.83,135.06,133.56,134.72,49672028.0,131.34
2021-04-27,135.04,135.41,134.11,134.39,52646211.0,131.02
2021-04-28,134.31,135.01,133.08,133.58,71388679.0,130.23
2021-04-29,136.46,137.07,132.45,133.48,120441443.0,130.13
2021-04-30,131.8,133.56,131.06,131.46,75106273.0,128.16
2021-05-03,132.01,134.07,131.83,132.54,59847366.0,129.21
2021-05-04,131.18,131.49,126.7,127.85,105301941.0,124.64
2021-05-05,129.21,130.45,127.97,128.1,67148598.0,124.89
2021-05-06,127.9,129.75,127.13,129.74,61573253.0,126.48
2021-05-07,130.88,131.26,129.47,130.21,56576013.0,127.16
2021-05-10,129.4,129.54,126.81,126.85,65338185.0,123.88
2021-05-11,123.49,126.27,122.77,125.91,89253905.0,122.96
2021-05-12,123.3,124.64,122.25,122.77,83814847.0,119.89
2021-05-13,124.59,126.15,124.26,124.97,84181244.0,122.04
2021-05-14,126.27,127.89,125.85,127.45,61443573.0,124.46
2021-05-17,126.82,126.93,125.17,126.27,54202467.0,123.31
2021-05-18,126.56,126.99,124.78,124.85,46852153.0,121.92
2021-05-19,123.16,124.92,122.86,124.69,68615062.0,121.77
2021-05-20,125.23,127.72,125.1,127.31,55353349.0,124.33
2021-05-21,127.85,128.0,125.21,125.43,62331326.0,122.49
2021-05-24,126.01,127.94,125.94,127.1,48670277.0,124.12
2021-05-25,127.84,128.32,126.32,126.9,49464762.0,123.93
2021-05-26,126.93,127.39,126.42,126.85,43263985.0,123.88
2021-05-27,126.36,127.64,125.08,125.28,55439918.0,122.34
2021-05-28,125.57,125.8,124.55,124.61,55502715.0,121.69
2021-06-01,125.07,125.35,123.94,124.28,48973118.0,121.37
2021-06-02,124.29,125.24,124.05,125.06,45812013.0,122.13
2021-06-03,124.65,124.85,123.13,123.54,53782536.0,120.64
2021-06-04,124.04,126.16,123.85,125.89,55456100.0,122.94
2021-06-07,126.18,126.32,124.83,125.9,55561903.0,122.95
2021-06-08,126.62,128.46,126.21,126.74,60230203.0,123.77
2021-06-09,127.18,127.75,126.52,127.13,41316919.0,124.15
2021-06-10,127.03,128.19,125.94,126.11,57649048.0,123.15
2021-06-11,126.48,127.44,126.1,127.35,41601876.0,124.37
2021-06-14,127.82,130.49,127.07,130.48,66103463.0,127.42
2021-06-15,129.88,130.6,129.39,129.64,48073568.0,126.6
2021-06-16,130.28,130.89,128.46,130.15,70654577.0,127.1
2021-06-17,129.8,132.55,129.65,131.79,73953105.0,128.7
2021-06-18,131.01,131.51,130.24,130.46,69585552.0,127.4
2021-06-21,130.31,132.41,129.21,132.3,56823425.0,129.2
2021-06-22,132.1,134.08,131.62,133.98,54822411.0,130.84
2021-06-23,133.78,134.32,133.23,133.7,48870121.0,130.57
2021-06-24,134.41,134.64,132.93,133.41,52159780.0,130.28
2021-06-25,133.49,133.89,132.81,133.11,37878701.0,129.99
2021-06-28,133.42,135.25,133.35,134.78,47737931.0,131.62
2021-06-29,134.82,136.49,134.35,136.33,49058434.0,133.13
2021-06-30,136.17,137.41,135.87,136.96,44740326.0,133.75
2021-07-01,136.57,137.33,135.76,137.27,41357117.0,134.05
2021-07-02,137.92,140.0,137.74,139.96,61569787.0,136.68
2021-07-06,140.09,143.15,140.07,142.02,87183223.0,138.69
2021-07-07,143.54,144.89,142.66,144.57,83426662.0,141.18
2021-07-08,141.57,144.06,140.66,143.24,80866087.0,139.88
2021-07-09,142.73,145.65,142.65,145.11,82032258.0,141.71
2021-07-12,146.21,146.32,144.0,144.5,58331259.0,141.11
2021-07-13,144.06,147.46,143.63,145.64,83767711.0,142.23
2021-07-14,148.05,149.57,147.68,149.15,101922592.0,145.65
2021-07-15,149.25,150.0,147.09,148.48,86281224.0,145.0
2021-07-16,148.53,149.76,145.88,146.39,72110009.0,142.96
2021-07-19,143.75,144.07,141.67,142.45,90967121.0,139.11
2021-07-20,143.47,147.1,142.96,146.15,72183869.0,142.72
2021-07-21,145.53,146.13,144.63,145.4,56267770.0,141.99
2021-07-22,145.93,148.2,145.81,146.8,58353076.0,143.36
2021-07-23,147.52,148.72,146.92,148.56,51997002.0,145.08
2021-07-26,148.27,149.83,147.7,148.99,51200168.0,145.5
2021-07-27,149.14,149.21,145.55,146.77,74251335.0,143.33
2021-07-28,144.84,146.97,142.54,144.98,87202900.0,141.58
2021-07-29,144.66,146.55,144.58,145.64,43418981.0,142.23
2021-07-30,144.43,146.33,144.11,145.86,50056057.0,142.44
2021-08-02,146.33,146.95,145.25,145.52,47327568.0,142.11
2021-08-03,145.82,148.05,145.18,147.36,50815197.0,143.91
2021-08-04,147.26,147.79,146.28,146.95,41627704.0,143.51
2021-08-05,146.98,147.84,146.17,147.06,36455653.0,143.61
2021-08-06,146.32,147.11,145.63,146.14,38476436.0,142.93
2021-08-09,146.22,146.7,145.52,146.09,34631200.0,142.88
2021-08-10,146.42,147.71,145.3,145.6,46131638.0,142.4
2021-08-11,146.07,146.72,145.53,145.86,39993243.0,142.65
2021-08-12,146.19,149.05,145.84,148.89,58035023.0,145.62
2021-08-13,148.97,149.45,148.27,149.1,43005407.0,145.82
2021-08-16,148.57,151.13,146.47,151.12,82656690.0,147.8
2021-08-17,150.23,151.68,149.09,150.19,73501615.0,146.89
2021-08-18,149.81,150.72,146.15,146.36,68650913.0,143.14
2021-08-19,145.07,148.0,144.52,146.7,67301741.0,143.48
2021-08-20,147.44,148.5,146.78,148.19,43642142.0,144.93
2021-08-23,148.24,150.19,147.89,149.71,44812156.0,146.42
2021-08-24,149.45,150.86,149.15,149.62,39308754.0,146.33
2021-08-25,149.82,150.32,147.8,148.36,46940227.0,145.1
2021-08-26,148.33,149.12,147.51,147.54,39087872.0,144.3
2021-08-27,147.46,148.75,146.83,148.6,41045968.0,145.33
2021-08-30,149.0,153.49,148.61,153.12,74323201.0,149.76
2021-08-31,152.69,152.8,151.29,151.83,57691708.0,148.49
2021-09-01,152.8,154.98,152.34,152.51,64333689.0,149.16
2021-09-02,153.85,154.72,152.4,153.65,57103820.0,150.27
2021-09-03,153.75,154.63,153.09,154.3,46045854.0,150.91
2021-09-07,155.0,157.26,154.39,156.69,66179291.0,153.25
2021-09-08,156.98,157.04,154.0,155.11,58699047.0,151.7
2021-09-09,155.49,156.11,153.95,154.07,44961300.0,150.68
2021-09-10,155.02,155.48,148.7,148.97,116040945.0,145.7
2021-09-13,150.65,151.42,148.75,149.55,73141098.0,146.26
2021-09-14,150.36,151.07,146.91,148.12,84363534.0,144.87
2021-09-15,148.54,149.44,146.37,149.03,61732142.0,145.76
2021-09-16,148.44,148.97,147.22,148.79,53150536.0,145.52
2021-09-17,148.78,148.82,145.76,146.06,77809929.0,142.85
2021-09-20,143.86,144.84,141.27,142.94,89873045.0,139.8
2021-09-21,143.93,144.6,142.78,143.43,59221109.0,140.28
2021-09-22,144.4,146.43,143.7,145.85,58798190.0,142.65
2021-09-23,146.62,147.08,145.64,146.83,49946631.0,143.6
2021-09-24,145.66,147.48,145.56,146.92,41993074.0,143.69
2021-09-27,145.48,145.96,143.82,145.37,55397696.0,142.18
2021-09-28,143.27,144.75,141.69,141.91,81282540.0,138.79
2021-09-29,142.54,144.45,142.03,142.83,55744478.0,139.69
2021-09-30,143.66,144.38,141.28,141.5,68780930.0,138.39
2021-10-01,141.87,142.92,139.11,142.65,70841913.0,139.52
2021-10-04,141.71,142.21,138.27,139.14,74926541.0,136.08
2021-10-05,139.49,142.24,139.36,141.11,62079151.0,138.01
2021-10-06,139.58,142.15,138.37,142.0,65918279.0,138.88
2021-10-07,143.0,144.22,142.72,143.29,48981558.0,140.14
2021-10-08,144.04,144.18,142.56,142.9,43275947.0,139.76
2021-10-11,142.26,144.81,141.81,142.81,46063724.0,139.67
2021-10-12,143.23,143.25,141.04,141.51,50614841.0,138.4
2021-10-13,141.2,141.4,139.2,140.91,58368781.0,137.81
2021-10-14,142.09,143.88,141.51,143.76,50440226.0,140.6
2021-10-15,143.72,144.9,143.51,144.84,50531448.0,141.66
2021-10-18,143.44,146.84,143.16,146.55,60815769.0,143.33
2021-10-19,146.99,149.17,146.55,148.76,60624868.0,145.49
2021-10-20,148.72,149.76,148.12,149.26,47868276.0,145.98
2021-10-21,148.76,149.64,147.87,149.48,43925575.0,146.2
2021-10-22,149.64,150.18,148.64,148.69,45329745.0,145.42
2021-10-25,148.69,149.37,147.62,148.64,36790471.0,145.37
2021-10-26,149.28,150.84,149.01,149.32,46556350.0,146.04
2021-10-27,149.38,149.73,148.49,148.85,38586370.0,145.58
2021-10-28,149.86,153.17,149.72,152.57,69297439.0,149.22
2021-10-29,147.19,149.94,146.41,149.8,89223094.0,146.51
2021-11-01,148.99,149.7,147.8,148.96,47432502.0,145.69
2021-11-02,148.67,151.57,148.65,150.02,50479783.0,146.72
2021-11-03,150.39,151.97,149.82,151.49,35804933.0,148.16
2021-11-04,151.61,152.43,150.64,150.96,40120421.0,147.64
2021-11-05,151.81,152.19,150.06,151.28,39158690.0,148.17
2021-11-08,151.4,151.57,150.16,150.44,31158440.0,147.35
2021-11-09,150.15,151.43,150.07,150.81,36726836.0,147.71
2021-11-10,150.08,150.13,147.85,147.92,44778285.0,144.88
2021-11-11,148.96,149.43,147.68,147.87,28880240.0,144.83
2021-11-12,148.43,150.4,147.48,149.99,41134838.0,146.91
2021-11-15,150.33,151.88,149.43,150.0,36555080.0,146.92
2021-11-16,149.93,151.49,149.34,151.0,37591611.0,147.9
2021-11-17,150.99,155.0,150.99,153.49,67526788.0,150.34
2021-11-18,153.65,158.67,153.05,157.87,98585969.0,154.63
2021-11-19,157.63,161.02,156.53,160.55,91072720.0,157.25
2021-11-22,161.68,165.7,161.0,161.02,93149689.0,157.71
2021-11-23,161.12,161.8,159.06,161.41,70971253.0,158.09
2021-11-24,160.75,162.14,159.64,161.94,54588093.0,158.61
2021-11-26,159.56,160.45,156.36,156.81,55429693.0,153.59
2021-11-29,159.36,161.19,158.79,160.24,64215972.0,156.95
2021-11-30,159.97,165.52,159.92,165.3,122399509.0,161.9
2021-12-01,167.35,170.3,164.53,164.77,117831733.0,161.38
2021-12-02,158.74,164.2,157.8,163.76,103936698.0,160.4
2021-12-03,164.0,164.96,159.72,161.84,88732071.0,158.51
2021-12-06,164.32,167.88,164.28,165.32,76174443.0,161.92
2021-12-07,169.06,171.58,168.34,171.18,85726234.0,167.66
2021-12-08,171.93,175.96,170.7,175.08,90235677.0,171.48
2021-12-09,174.85,176.75,173.92,174.56,85323591.0,170.97
2021-12-10,175.25,179.63,174.69,179.45,88691060.0,175.76
2021-12-13,181.08,182.13,175.53,175.74,115326498.0,172.13
2021-12-14,175.29,177.74,172.21,174.33,95501156.0,170.75
2021-12-15,175.11,179.5,172.31,179.3,98454969.0,175.62
2021-12-16,179.3,181.14,170.75,172.26,120068566.0,168.72
2021-12-17,169.93,173.47,169.69,171.14,114267403.0,167.62
2021-12-20,168.23,170.58,167.46,169.75,77759544.0,166.26
2021-12-21,171.56,173.2,169.12,172.99,67853695.0,169.44
2021-12-22,172.93,175.86,172.15,175.64,65739540.0,172.03
2021-12-23,175.83,176.85,175.27,176.28,51647964.0,172.66
2021-12-27,177.09,180.42,177.07,180.33,57449334.0,176.62
2021-12-28,180.16,181.33,178.53,179.29,64311654.0,175.61
2021-12-29,179.35,180.63,178.14,179.38,47994050.0,175.69
2021-12-30,179.55,180.57,178.09,178.2,47456923.0,174.54
2021-12-31,178.12,179.23,177.26,177.57,43468950.0,173.92
2022-01-03,177.89,182.88,177.71,182.01,71642674.0,178.27
2022-01-04,182.63,182.94,179.12,179.7,68898912.0,176.01
2022-01-05,179.62,180.17,174.64,174.92,67572056.0,171.33
2022-01-06,172.69,175.3,171.64,172.0,65887324.0,168.47
2022-01-07,172.8,174.14,171.03,172.17,58024390.0,168.63
2022-01-10,169.08,172.5,168.17,172.19,76243662.0,168.65
2022-01-11,172.37,175.18,170.82,175.08,58239363.0,171.48
2022-01-12,176.09,177.18,174.82,175.53,56620012.0,171.92
2022-01-13,175.77,176.62,171.79,172.19,62632078.0,168.65
2022-01-14,171.34,173.78,171.09,173.07,54913077.0,169.51
2022-01-18,171.5,172.54,169.4,169.8,61237494.0,166.31
2022-01-19,169.98,171.08,165.94,166.23,68212756.0,162.81
2022-01-20,166.99,169.68,164.18,164.51,64408443.0,161.13
2022-01-21,164.42,166.33,162.3,162.41,90813513.0,159.07
2022-01-24,160.05,162.3,154.7,161.62,115343786.0,158.3
2022-01-25,158.93,162.76,157.02,159.78,78409907.0,156.5
2022-01-26,163.44,164.39,157.82,159.69,79227846.0,156.41
2022-01-27,162.42,163.84,158.28,159.22,84054091.0,155.95
2022-01-28,165.71,170.35,162.8,170.33,129744687.0,166.83
2022-01-31,170.24,175.0,169.51,174.78,80974538.0,171.19
2022-02-01,174.03,174.84,172.31,174.61,58265825.0,171.02
2022-02-02,174.74,175.88,173.33,175.84,53915586.0,172.23
2022-02-03,174.54,176.24,172.12,172.9,59100405.0,169.35
2022-02-04,171.75,174.1,170.68,172.39,55312203.0,169.06
2022-02-07,172.84,173.95,170.95,171.66,44819660.0,168.35
2022-02-08,171.75,175.35,171.43,174.83,55397502.0,171.46
2022-02-09,176.11,176.65,174.9,176.28,48830139.0,172.88
2022-02-10,174.15,175.48,171.55,172.12,63629236.0,168.8
2022-02-11,172.33,173.08,168.04,168.64,66915186.0,165.39
2022-02-14,167.37,169.58,166.56,168.88,57278255.0,165.62
2022-02-15,170.99,172.95,170.25,172.79,46112499.0,169.46
2022-02-16,171.82,173.34,170.05,172.55,43016135.0,169.22
2022-02-17,171.07,171.91,168.47,168.88,46848383.0,165.62
2022-02-18,169.84,170.55,166.19,167.3,56354059.0,164.07
2022-02-22,164.99,166.69,162.15,164.32,64015373.0,161.15
2022-02-23,165.54,166.15,159.75,160.07,61854281.0,156.98
2022-02-24,152.62,162.85,152.0,162.74,100193295.0,159.6
2022-02-25,163.83,165.12,160.87,164.85,70412962.0,161.67
2022-02-28,162.97,165.42,162.43,165.12,61883797.0,161.93
2022-03-01,164.7,166.6,161.97,163.2,63866606.0,160.05
2022-03-02,164.48,167.36,162.95,166.56,58653746.0,163.35
2022-03-03,168.44,168.91,165.55,166.23,56516320.0,163.02
2022-03-04,164.49,165.55,162.1,163.17,63262885.0,160.02
2022-03-07,163.41,165.02,159.04,159.3,68972253.0,156.23
2022-03-08,158.82,162.88,155.8,157.44,100501629.0,154.4
2022-03-09,161.47,163.41,159.41,162.95,64481756.0,159.81
2022-03-10,160.2,160.39,156.0,158.52,74033721.0,155.46
2022-03-11,158.97,159.28,154.5,154.73,72857526.0,151.74
2022-03-14,151.53,154.12,150.1,150.62,79342744.0,147.71
2022-03-15,150.99,155.57,150.38,155.09,67072382.0,152.1
2022-03-16,157.07,160.0,154.46,159.59,72481911.0,156.51
2022-03-17,158.55,161.0,157.63,160.62,54264041.0,157.52
2022-03-18,160.46,164.48,159.76,163.98,77561285.0,160.82
2022-03-21,163.51,166.35,163.01,165.38,63109146.0,162.19
2022-03-22,165.47,169.42,164.91,168.82,60810238.0,165.56
2022-03-23,167.96,172.64,167.65,170.21,76245630.0,166.93
2022-03-24,171.2,174.14,170.21,174.07,68645413.0,170.71
2022-03-25,173.79,175.28,172.75,174.72,62894013.0,171.35
2022-03-28,172.09,175.73,172.0,175.6,69899201.0,172.21
2022-03-29,176.75,179.01,176.34,178.96,70096530.0,175.51
2022-03-30,178.56,179.61,176.7,177.77,66750463.0,174.34
2022-03-31,177.87,178.03,174.4,174.61,66091709.0,171.24
2022-04-01,173.99,174.88,171.95,174.31,57754704.0,170.95
2022-04-04,174.57,178.49,174.44,178.44,59877249.0,175.0
2022-04-05,177.55,178.3,174.41,175.06,55112678.0,171.68
2022-04-06,172.35,173.63,170.13,171.83,66687005.0,168.51
2022-04-07,171.17,173.36,169.85,172.14,56294405.0,168.82
2022-04-08,171.78,171.78,169.2,170.09,58436773.0,166.81
2022-04-11,168.73,169.03,165.5,165.75,54402821.0,162.55
2022-04-12,168.01,169.87,166.64,167.66,61050218.0,164.42
2022-04-13,167.39,171.04,166.77,170.4,52907220.0,167.11
2022-04-14,170.73,171.27,165.04,165.29,55208723.0,162.1
2022-04-18,163.91,166.6,163.57,165.07,49898998.0,161.88
2022-04-19,165.0,167.82,163.91,167.4,49351346.0,164.17
2022-04-20,168.76,168.88,166.1,167.23,51715219.0,164.0
2022-04-21,168.87,171.53,165.91,166.42,67850250.0,163.21
2022-04-22,166.49,167.87,161.5,161.79,59419014.0,158.67
2022-04-25,161.18,163.17,158.46,162.88,72237670.0,159.74
2022-04-26,162.18,162.34,156.72,156.8,69401232.0,153.77
2022-04-27,155.94,159.79,155.38,156.57,64353114.0,153.55
2022-04-28,159.16,164.52,158.93,163.64,83789592.0,160.48
2022-04-29,161.86,166.2,157.25,157.65,92293023.0,154.61
2022-05-02,156.79,158.23,153.27,157.96,95751321.0,154.91
2022-05-03,158.14,160.71,156.32,159.48,68937269.0,156.4
2022-05-04,159.67,166.48,159.26,166.02,86160287.0,162.82
2022-05-05,163.81,164.08,154.95,156.77,99948693.0,153.74
2022-05-06,156.02,159.44,154.18,157.28,89041854.0,154.47
2022-05-09,154.91,155.83,151.49,152.06,94567578.0,149.34
2022-05-10,155.5,156.74,152.97,154.51,83192975.0,151.75
2022-05-11,153.5,155.45,145.81,146.5,103993686.0,143.88
2022-05-12,142.76,146.2,138.8,142.56,140776114.0,140.01
2022-05-13,144.66,148.11,143.11,147.11,88833843.0,144.48
2022-05-16,145.61,147.52,144.18,145.54,65426332.0,142.94
2022-05-17,148.86,149.77,146.68,149.24,58090230.0,146.57
2022-05-18,146.86,147.37,139.97,140.82,80338150.0,138.31
2022-05-19,139.89,141.66,136.6,137.35,106384505.0,134.9
2022-05-20,139.07,140.7,132.61,137.59,107421893.0,135.13
2022-05-23,137.79,143.26,137.65,143.11,92605239.0,140.55
2022-05-24,140.83,141.97,137.33,140.36,84602216.0,137.85
2022-05-25,138.44,141.79,138.34,140.52,70320990.0,138.01
2022-05-26,137.39,144.34,137.14,143.78,66880305.0,141.21
2022-05-27,145.39,149.68,145.26,149.64,68105153.0,146.97
2022-05-31,149.03,150.66,146.84,148.84,64486024.0,146.18
2022-06-01,149.91,151.74,147.68,148.71,57675000.0,146.05
2022-06-02,147.81,151.27,146.86,151.21,54654301.0,148.51
2022-06-03,146.89,147.97,144.46,145.38,66261643.0,142.78
2022-06-06,146.95,148.57,144.9,146.14,56462204.0,143.53
2022-06-07,144.38,149.0,144.1,148.71,51273128.0,146.05
2022-06-08,148.51,149.87,147.46,147.96,41909176.0,145.32
2022-06-09,147.09,147.95,142.53,142.64,52347279.0,140.09
2022-06-10,140.28,140.76,137.06,137.13,67187205.0,134.68
2022-06-13,132.86,135.2,131.44,131.88,91359086.0,129.52
2022-06-14,133.1,133.89,131.48,132.76,62854505.0,130.39
2022-06-15,134.21,137.34,132.16,135.43,68733160.0,133.01
2022-06-16,132.08,132.39,129.04,130.06,74399107.0,127.74
2022-06-17,130.07,133.08,129.81,131.56,86358190.0,129.21
2022-06-21,133.42,137.05,133.32,135.87,57651864.0,133.44
2022-06-22,134.84,137.76,133.91,135.35,53860709.0,132.93
2022-06-23,136.83,138.59,135.63,138.27,54212881.0,135.8
2022-06-24,139.9,141.91,139.77,141.66,51857544.0,139.13
2022-06-27,142.68,143.49,140.96,141.66,47638772.0,139.13
2022-06-28,142.17,143.43,137.32,137.44,49930490.0,134.99
2022-06-29,137.48,140.67,136.67,139.23,52512525.0,136.74
2022-06-30,137.22,138.37,133.77,136.72,68929852.0,134.28
2022-07-01,136.2,139.04,135.66,138.93,52461724.0,136.45
2022-07-05,137.77,141.61,136.93,141.56,53401575.0,139.03
2022-07-06,141.33,144.12,141.08,142.92,57314246.0,140.37
2022-07-07,143.27,146.55,143.27,146.35,49886460.0,143.74
2022-07-08,145.21,147.55,145.0,147.04,51393650.0,144.41
2022-07-11,145.71,146.64,143.78,144.87,43878003.0,142.28
2022-07-12,145.83,148.45,145.05,145.86,58580126.0,143.26
2022-07-13,142.99,146.45,142.12,145.49,50583920.0,142.89
2022-07-14,144.09,148.95,143.25,148.47,60879667.0,145.82
2022-07-15,149.82,150.86,148.2,150.17,55472678.0,147.49
2022-07-18,150.75,151.57,146.7,147.07,60692283.0,144.44
2022-07-19,147.93,151.23,146.91,151.0,59077983.0,148.3
2022-07-20,151.07,153.72,150.37,153.04,49598813.0,150.31
2022-07-21,154.56,155.57,151.94,155.35,47477793.0,152.58
2022-07-22,155.39,156.28,153.41,154.09,50924150.0,151.34
2022-07-25,154.01,155.04,152.28,152.95,40900326.0,150.22
2022-07-26,152.26,153.09,150.8,151.6,39639710.0,148.89
2022-07-27,152.55,157.33,152.16,156.79,52854895.0,153.99
2022-07-28,156.98,157.64,154.41,157.35,51866668.0,154.54
2022-07-29,161.24,163.63,159.5,162.51,68695588.0,159.61
2022-08-01,161.01,163.59,160.89,161.51,46192783.0,158.63
2022-08-02,160.11,162.41,159.63,160.01,42690206.0,157.15
2022-08-03,160.84,166.59,160.75,166.13,58706333.0,163.16
2022-08-04,166.01,167.19,164.43,165.81,40438699.0,162.85
2022-08-05,163.23,165.85,163.0,165.35,41333126.0,162.62
2022-08-08,166.37,167.81,164.2,164.87,39581359.0,162.15
2022-08-09,164.01,165.82,163.25,164.92,42801907.0,162.2
2022-08-10,167.66,169.34,166.9,169.24,49248193.0,166.45
2022-08-11,170.06,170.99,168.19,168.49,41336027.0,165.71
2022-08-12,169.84,172.17,169.4,172.1,48828375.0,169.26
2022-08-15,171.51,173.39,171.34,173.19,36483134.0,170.33
2022-08-16,172.77,173.71,171.66,173.03,40015046.0,170.18
2022-08-17,172.77,176.15,172.57,174.55,61086473.0,171.67
2022-08-18,173.74,174.9,173.12,174.15,47351175.0,171.28
2022-08-19,173.03,173.74,171.31,171.52,51819981.0,168.69
2022-08-22,169.71,169.86,167.13,167.57,47281325.0,164.81
2022-08-23,167.13,168.71,166.65,167.23,40081047.0,164.47
2022-08-24,167.41,168.11,166.24,167.53,40183318.0,164.77
2022-08-25,168.78,170.14,168.35,170.03,37654463.0,167.23
2022-08-26,170.57,171.05,163.56,163.62,52371892.0,160.92
2022-08-29,161.15,162.9,159.82,161.38,54532690.0,158.72
2022-08-30,162.16,162.56,157.72,158.91,58445551.0,156.29
2022-08-31,160.31,160.58,157.14,157.22,51675701.0,154.63
2022-09-01,156.64,158.42,154.67,157.96,57746715.0,155.35
2022-09-02,159.73,160.37,154.96,155.81,58508412.0,153.24
2022-09-06,156.46,157.09,153.69,154.53,56517573.0,151.98
2022-09-07,154.8,156.67,153.61,155.96,68453430.0,153.39
2022-09-08,154.65,156.36,152.68,154.46,64071159.0,151.91
2022-09-09,155.48,157.82,154.75,157.37,49750564.0,154.77
2022-09-12,159.6,164.26,159.3,163.43,78753651.0,160.73
2022-09-13,160.01,160.54,153.37,153.84,87158911.0,151.3
2022-09-14,154.76,157.1,153.61,155.31,65474174.0,152.75
2022-09-15,154.65,155.24,151.38,152.37,66350386.0,149.86
2022-09-16,151.21,151.35,148.37,150.7,92297663.0,148.21
2022-09-19,149.31,154.56,149.1,154.48,62375843.0,151.93
2022-09-20,153.4,158.08,153.08,156.9,87793543.0,154.31
2022-09-21,157.44,158.74,153.6,153.72,79131651.0,151.18
2022-09-22,152.3,154.47,150.91,152.74,68915401.0,150.22
2022-09-23,151.2,151.47,148.56,150.43,74353224.0,147.95
2022-09-26,149.66,153.78,149.64,150.77,71643441.0,148.28
2022-09-27,152.79,154.72,149.94,151.76,64998053.0,149.26
2022-09-28,147.64,150.65,144.84,149.84,111039393.0,147.37
2022-09-29,146.1,146.72,140.68,142.48,98773283.0,140.13
2022-09-30,141.2,143.1,138.0,138.2,87106210.0,135.92
2022-10-03,138.26,143.07,137.68,142.45,82722763.0,140.1
2022-10-04,145.03,146.22,144.26,146.1,63574086.0,143.69
2022-10-05,144.07,147.38,143.01,146.4,62976887.0,143.99
2022-10-06,145.89,147.54,145.22,145.43,51856533.0,143.03
2022-10-07,142.58,143.1,139.44,140.09,60802414.0,137.78
2022-10-10,140.42,141.89,138.57,140.42,58800151.0,138.1
2022-10-11,139.89,141.35,138.22,138.98,61306390.0,136.69
2022-10-12,139.13,140.36,138.16,138.34,54161218.0,136.06
2022-10-13,134.99,143.59,134.37,142.99,90294352.0,140.63
2022-10-14,144.29,144.52,138.19,138.38,67337698.0,136.1
2022-10-17,141.06,142.9,140.27,142.41,63873691.0,140.06
2022-10-18,145.34,146.7,140.61,143.75,81019756.0,141.38
2022-10-19,141.64,144.95,141.5,143.86,49161776.0,141.49
2022-10-20,143.02,145.89,142.65,143.39,48877905.0,141.02
2022-10-21,142.87,147.85,142.64,147.27,66568041.0,144.84
2022-10-24,147.11,150.23,146.0,149.45,58429666.0,146.99
2022-10-25,150.16,152.49,149.36,152.34,54969470.0,149.83
2022-10-26,150.9,151.99,148.04,149.35,65318650.0,146.89
2022-10-27,148.07,149.05,144.13,144.8,66936381.0,142.41
2022-10-28,148.08,157.5,147.82,155.74,131631088.0,153.17
2022-10-31,153.16,154.24,151.92,153.34,67248938.0,150.81
2022-11-01,155.06,155.45,149.13,150.65,62841242.0,148.17
2022-11-02,149.07,152.17,145.0,145.03,70959669.0,142.64
2022-11-03,142.07,142.8,138.75,138.88,72694765.0,136.59
2022-11-04,142.09,142.67,134.38,138.38,109809677.0,136.32
2022-11-07,137.11,139.15,135.67,138.92,63056199.0,136.86
2022-11-08,140.29,141.43,137.49,139.5,62927330.0,137.43
2022-11-09,138.47,138.55,134.59,134.87,53464494.0,132.87
2022-11-10,141.24,146.87,140.4,146.87,80019284.0,144.69
2022-11-11,145.82,150.0,144.37,149.7,70086656.0,147.48
2022-11-14,149.06,150.28,147.43,148.28,52169059.0,146.08
2022-11-15,152.25,153.59,148.56,150.04,69194368.0,147.81
2022-11-16,148.96,149.87,147.29,148.79,46067495.0,146.58
2022-11-17,146.56,151.48,146.15,150.72,59138702.0,148.48
2022-11-18,152.17,152.7,149.97,151.29,54764871.0,149.04
2022-11-21,150.08,150.37,147.71,148.01,43256924.0,145.81
2022-11-22,148.13,150.42,146.92,150.18,38202760.0,147.95
2022-11-23,149.43,151.83,149.34,151.07,44513767.0,148.82
2022-11-25,148.31,148.88,147.12,148.11,26091532.0,145.91
2022-11-28,145.18,146.64,143.38,144.22,50103346.0,142.08
2022-11-29,144.29,144.81,140.35,141.17,66144366.0,139.07
2022-11-30,141.42,148.03,140.55,148.03,68245060.0,145.83
2022-12-01,148.3,149.13,146.61,148.31,48315540.0,146.11
2022-12-02,146.01,148.0,145.65,147.81,44363190.0,145.61
2022-12-05,147.73,150.92,145.77,146.63,52452929.0,144.45
2022-12-06,147.06,147.3,141.94,142.91,48600368.0,140.79
2022-12-07,142.19,143.37,140.0,140.94,51108772.0,138.85
2022-12-08,142.4,143.52,141.1,142.65,44267422.0,140.53
2022-12-09,142.34,145.57,140.9,142.16,52260740.0,140.05
2022-12-12,142.9,144.5,141.06,144.49,44958746.0,142.34
2022-12-13,149.43,149.97,144.24,145.47,65659197.0,143.31
2022-12-14,145.35,146.66,141.16,143.21,59704420.0,141.08
2022-12-15,141.11,141.8,136.02,136.5,68097647.0,134.47
2022-12-16,136.69,137.65,133.73,134.51,76287323.0,132.51
2022-12-19,135.07,135.25,131.32,132.37,55810300.0,130.4
2022-12-20,131.4,133.25,129.9,132.3,59227848.0,130.33
2022-12-21,132.99,136.81,132.75,135.45,59010998.0,133.44
2022-12-22,134.42,134.56,130.3,132.23,57575140.0,130.26
2022-12-23,130.93,132.42,129.64,131.86,50329486.0,129.9
2022-12-27,131.42,131.42,128.72,130.03,52122468.0,128.1
2022-12-28,129.73,131.03,125.87,126.04,67700015.0,124.17
2022-12-29,127.99,130.49,127.73,129.61,60111956.0,127.68
2022-12-30,128.41,129.95,127.43,129.93,56782382.0,128.0
2023-01-03,130.25,130.9,124.17,125.07,80972048.0,123.21
2023-01-04,126.91,128.66,125.08,126.36,68010526.0,124.48
2023-01-05,127.2,127.77,124.76,125.02,60250831.0,123.16
2023-01-06,126.0,130.29,124.89,129.62,64421353.0,127.69
2023-01-09,130.52,133.41,129.89,130.15,53320917.0,128.22
2023-01-10,130.28,131.27,128.12,130.73,51125163.0,128.79
2023-01-11,131.21,133.51,130.46,133.49,51414827.0,131.51
2023-01-12,133.81,134.26,131.44,133.41,51955143.0,131.43
2023-01-13,131.95,134.92,131.66,134.76,43779108.0,132.76
2023-01-17,134.83,137.29,134.13,135.94,46840401.0,133.92
2023-01-18,136.82,138.61,135.03,135.21,50284661.0,133.2
2023-01-19,134.09,136.25,133.77,135.27,43664494.0,133.26
2023-01-20,135.21,138.02,134.22,137.87,54540584.0,135.82
2023-01-23,138.13,143.32,137.9,141.11,62585642.0,139.01
2023-01-24,140.31,143.16,140.3,142.53,44284503.0,140.41
2023-01-25,140.95,142.43,138.81,141.86,49457827.0,139.75
2023-01-26,143.15,144.25,141.9,143.96,39937944.0,141.82
2023-01-27,143.18,147.23,143.08,145.93,50487118.0,143.76
2023-01-30,144.96,145.55,142.85,143.0,45801580.0,140.87
2023-01-31,142.69,144.34,142.28,144.29,37758543.0,142.15
2023-02-01,143.94,146.61,141.32,145.43,56709425.0,143.27
2023-02-02,148.82,151.18,148.17,150.82,70180341.0,148.58
2023-02-03,147.94,157.38,147.83,154.5,108467761.0,152.2
2023-02-06,152.58,153.1,150.78,151.73,49400658.0,149.47
2023-02-07,150.73,155.23,150.63,154.65,59548857.0,152.35
2023-02-08,153.77,154.58,151.16,151.92,44704905.0,149.66
2023-02-09,153.79,154.33,150.42,150.87,38724526.0,148.63
2023-02-10,149.49,151.35,149.22,151.01,37699630.0,148.99
2023-02-13,150.96,154.26,150.92,153.85,43022921.0,151.79
2023-02-14,152.07,153.77,150.86,153.2,44030273.0,151.15
2023-02-15,153.12,155.5,152.88,155.33,46662146.0,153.26
2023-02-16,153.36,156.33,153.3,153.71,47064260.0,151.66
2023-02-17,152.35,153.0,150.85,152.55,41747205.0,150.51
2023-02-21,150.34,151.3,148.4,148.48,37423127.0,146.5
2023-02-22,148.81,149.95,147.16,148.91,37679338.0,146.92
2023-02-23,150.09,150.34,147.24,149.4,35265981.0,147.4
2023-02-24,147.13,147.19,145.72,146.71,39737438.0,144.75
2023-02-27,147.71,149.17,147.45,147.92,32019306.0,145.94
2023-02-28,147.05,149.08,146.83,147.41,30195044.0,145.44
2023-03-01,146.83,147.23,145.01,145.31,37145587.0,143.37
2023-03-02,144.41,146.71,143.9,145.91,36646909.0,143.96
2023-03-03,148.09,151.11,147.33,151.03,47751342.0,149.01
2023-03-06,153.81,156.3,153.46,153.83,65384332.0,151.78
2023-03-07,153.64,154.03,151.13,151.6,41641370.0,149.57
2023-03-08,152.77,153.47,151.83,152.87,37163169.0,150.83
2023-03-09,153.49,154.54,150.22,150.59,39962584.0,148.58
2023-03-10,150.21,150.94,147.6,148.5,50731374.0,146.52
2023-03-13,147.81,153.14,147.7,150.47,63598014.0,148.46
2023-03-14,151.27,153.4,150.1,152.59,50383686.0,150.55
2023-03-15,151.19,153.25,149.92,152.99,53542299.0,150.95
2023-03-16,152.15,156.46,151.64,155.85,56772468.0,153.77
2023-03-17,156.08,156.74,154.28,155.0,60218668.0,152.93
2023-03-20,155.03,157.82,154.15,157.4,51388859.0,155.3
2023-03-21,157.29,159.4,156.54,159.28,50287990.0,157.15
2023-03-22,159.29,162.14,157.81,157.83,54562750.0,155.72
2023-03-23,158.77,161.56,157.68,158.93,50035497.0,156.81
2023-03-24,158.88,160.34,157.85,160.25,41845530.0,158.11
2023-03-27,159.93,160.77,157.87,158.28,36560222.0,156.17
2023-03-28,157.99,158.49,155.98,157.65,34128815.0,155.54
2023-03-29,159.37,161.05,159.35,160.77,37058121.0,158.62
2023-03-30,161.59,162.47,161.27,162.36,34726065.0,160.19
2023-03-31,162.43,165.0,161.91,164.9,43105312.0,162.7
2023-04-03,164.27,166.29,164.21,166.17,37783464.0,163.95
2023-04-04,166.59,166.84,165.11,165.63,30911301.0,163.42
2023-04-05,164.74,165.05,161.8,163.76,38442588.0,161.57
2023-04-06,162.38,164.96,162.0,164.66,32014330.0,162.46
2023-04-10,161.39,162.03,160.08,162.03,35075771.0,159.87
2023-04-11,162.35,162.36,160.51,160.8,33513123.0,158.65
2023-04-12,161.22,162.06,159.78,160.1,36275318.0,157.96
2023-04-13,161.59,165.8,161.42,165.56,47988459.0,163.35
2023-04-14,164.59,166.32,163.82,165.21,35671612.0,163.0
2023-04-17,165.09,165.39,164.03,165.23,29441425.0,163.02
2023-04-18,166.07,167.41,165.65,166.47,34325344.0,164.25
2023-04-19,165.82,168.16,165.54,167.63,33918135.0,165.39
2023-04-20,166.09,167.87,165.56,166.65,36396842.0,164.42
2023-04-21,165.05,166.46,164.49,165.02,40190477.0,162.82
2023-04-24,164.95,165.6,163.89,165.33,28254221.0,163.12
2023-04-25,165.19,166.31,163.73,163.77,33810143.0,161.58
2023-04-26,163.05,165.28,162.8,163.76,30434474.0,161.57
2023-04-27,165.13,168.56,165.13,168.41,42923150.0,166.16
2023-04-28,168.48,169.85,167.88,169.68,37949458.0,167.41
2023-05-01,169.29,170.45,168.64,169.59,36206976.0,167.32
2023-05-02,170.09,170.35,167.54,168.54,34201074.0,166.29
2023-05-03,169.51,170.92,167.16,167.45,42181315.0,165.21
2023-05-04,164.83,167.04,164.31,165.79,46697419.0,163.58
2023-05-05,171.0,174.3,170.76,173.57,80103962.0,171.25
2023-05-08,172.52,173.85,172.11,173.5,38358735.0,171.18
2023-05-09,173.13,173.54,171.6,171.77,30446235.0,169.48
2023-05-10,173.01,174.03,171.9,173.56,37302251.0,171.24
2023-05-11,173.85,174.59,172.17,173.75,36120223.0,171.43
2023-05-12,173.62,174.06,171.0,172.57,32664382.0,170.5
2023-05-15,173.16,173.21,171.47,172.07,25615336.0,170.01
2023-05-16,171.99,173.14,171.79,172.07,30244924.0,170.01
2023-05-17,171.75,172.93,170.42,172.69,38067755.0,170.62
2023-05-18,173.0,175.24,172.58,175.05,43858785.0,172.95
2023-05-19,176.39,176.44,174.94,175.16,36733455.0,173.06
2023-05-22,173.96,174.71,173.45,174.2,29957059.0,172.11
2023-05-23,173.13,173.38,171.27,171.56,32391309.0,169.5
2023-05-24,171.09,172.42,170.52,171.84,30226951.0,169.78
2023-05-25,172.5,173.9,171.69,172.99,35249239.0,170.92
2023-05-26,173.31,175.77,173.11,175.43,36312158.0,173.33
2023-05-30,177.0,178.99,176.57,177.3,37542184.0,175.17
2023-05-31,177.32,179.35,176.76,177.25,49770843.0,175.12
2023-06-01,177.7,180.12,176.93,180.09,45182282.0,177.93
2023-06-02,181.05,181.78,179.26,180.95,43710407.0,178.78
2023-06-05,182.63,184.96,178.03,179.58,97095899.0,177.43
2023-06-06,180.0,180.12,177.43,179.21,47311241.0,177.06
2023-06-07,178.44,181.21,177.32,177.82,41768665.0,175.69
2023-06-08,177.89,180.84,177.46,180.57,33884755.0,178.4
2023-06-09,181.52,182.23,180.63,180.96,33993268.0,178.79
2023-06-12,181.27,183.89,180.97,183.79,30626518.0,181.59
2023-06-13,182.79,184.15,182.44,183.31,34783436.0,181.11
2023-06-14,183.31,184.39,182.02,183.95,38875820.0,181.74
2023-06-15,183.97,186.52,183.78,186.01,43776048.0,183.78
2023-06-16,186.61,186.99,184.27,184.92,49277200.0,182.7
2023-06-20,184.41,186.1,184.41,185.01,32064546.0,182.79
2023-06-21,184.89,185.41,182.59,183.96,31299088.0,181.75
2023-06-22,183.74,187.05,183.67,187.0,35847235.0,184.76
2023-06-23,185.55,187.56,185.01,186.68,33385731.0,184.44
2023-06-26,186.8,188.05,185.23,185.27,32745693.0,183.05
2023-06-27,185.91,188.39,185.67,188.06,34140221.0,185.8
2023-06-28,187.97,189.9,187.6,189.25,35149037.0,186.98
2023-06-29,189.07,190.04,188.94,189.59,31568621.0,187.32
2023-06-30,191.63,194.48,191.26,193.97,51003445.0,191.64
2023-07-03,193.8,193.88,191.76,192.46,22815136.0,190.15
2023-07-05,191.57,192.98,190.62,191.33,30647118.0,189.04
2023-07-06,189.91,192.02,189.2,191.81,29290464.0,189.51
2023-07-07,191.4,192.67,190.24,190.68,31801701.0,188.39
2023-07-10,189.23,189.99,187.03,188.61,40762633.0,186.35
2023-07-11,189.2,189.3,186.6,188.08,32009176.0,185.82
2023-07-12,189.68,191.7,188.47,189.77,40126428.0,187.49
2023-07-13,190.5,191.19,189.78,190.54,27460103.0,188.25
2023-07-14,190.25,191.18,189.63,190.69,28580889.0,188.4
2023-07-17,191.9,194.32,191.81,193.99,34325618.0,191.66
2023-07-18,193.4,194.33,192.41,193.73,34638185.0,191.41
2023-07-19,193.07,198.23,192.65,195.1,55062967.0,192.76
2023-07-20,195.08,196.47,192.49,193.13,43434218.0,190.81
2023-07-21,194.1,194.97,191.23,191.94,34825322.0,189.64
2023-07-24,193.4,194.91,192.25,192.75,27604708.0,190.44
2023-07-25,193.39,194.44,192.91,193.62,23373165.0,191.3
2023-07-26,193.71,195.64,193.32,194.5,28862326.0,192.17
2023-07-27,196.05,197.2,192.55,193.22,33613312.0,190.9
2023-07-28,194.7,196.63,194.14,195.83,29915068.0,193.48
2023-07-31,196.09,196.49,195.26,196.45,24375306.0,194.09
2023-08-01,196.24,196.73,195.28,195.61,23067120.0,193.26
2023-08-02,195.08,195.18,191.85,192.58,31124881.0,190.27
2023-08-03,191.56,192.37,190.69,191.17,35230583.0,188.88
2023-08-04,185.56,187.38,181.92,181.99,79982315.0,179.81
2023-08-07,182.14,183.13,177.35,178.85,69695776.0,176.71
2023-08-08,179.7,180.27,177.58,179.8,47710746.0,177.64
2023-08-09,180.83,180.93,177.01,178.19,42205824.0,176.05
2023-08-10,179.41,180.75,177.6,177.97,39410888.0,175.84
2023-08-11,177.35,178.62,176.66,177.79,34528246.0,175.89
2023-08-14,177.95,179.69,177.3,179.46,28856949.0,177.55
2023-08-15,178.93,179.48,177.05,177.45,27015120.0,175.56
2023-08-16,177.13,178.54,176.5,176.57,29571741.0,174.69
2023-08-17,177.2,177.51,173.48,174.0,40552835.0,172.15
2023-08-18,172.3,175.1,171.98,174.49,37530239.0,172.63
2023-08-21,175.1,176.13,173.73,175.84,28277904.0,173.97
2023-08-22,177.06,177.68,176.25,177.23,29150364.0,175.34
2023-08-23,178.56,181.55,178.32,181.12,36177421.0,179.19
2023-08-24,180.68,181.11,176.01,176.38,33758223.0,174.5
2023-08-25,177.41,179.15,175.82,178.61,32475040.0,176.71
2023-08-28,180.09,180.59,178.54,180.19,27996024.0,178.27
2023-08-29,179.72,184.9,179.5,184.12,37144668.0,182.16
2023-08-30,184.8,187.79,184.74,187.65,45296983.0,185.65
2023-08-31,187.86,189.12,187.48,187.87,35296005.0,185.87
2023-09-01,189.57,189.92,188.28,189.46,30193704.0,187.44
2023-09-05,188.22,189.98,187.61,189.7,29976406.0,187.68
2023-09-06,188.4,188.85,181.47,182.91,60969233.0,180.96
2023-09-07,175.14,178.21,173.54,177.56,82741400.0,175.67
2023-09-08,178.4,180.24,177.79,178.18,49666678.0,176.28
2023-09-11,180.08,180.3,177.34,179.36,42238795.0,177.45
2023-09-12,179.49,180.13,174.82,176.3,68838348.0,174.42
2023-09-13,176.49,177.3,173.98,174.21,58163100.0,172.35
2023-09-14,174.01,176.1,173.58,175.74,41213746.0,173.87
2023-09-15,176.41,176.5,173.82,175.01,57613758.0,173.14
2023-09-18,176.57,179.38,176.17,177.97,48844299.0,176.07
2023-09-19,177.52,179.63,177.13,179.07,38112949.0,177.16
2023-09-20,179.3,179.7,175.4,175.49,41869663.0,173.62
2023-09-21,174.55,176.3,173.86,173.93,42844210.0,172.08
2023-09-22,174.67,177.08,174.05,174.79,40708267.0,172.93
2023-09-25,174.2,176.97,174.15,176.08,34839137.0,174.2
2023-09-26,174.73,175.2,171.66,171.96,46331416.0,170.13
2023-09-27,172.56,173.04,169.05,170.43,48834513.0,168.61
2023-09-28,169.55,172.03,167.64,170.69,43349416.0,168.87
2023-09-29,172.02,173.07,170.34,171.21,33052792.0,169.39
2023-10-02,171.29,174.3,170.93,173.75,36645577.0,171.9
2023-10-03,172.29,173.63,170.82,172.4,36681746.0,170.56
2023-10-04,171.1,174.21,170.97,173.66,37635681.0,171.81
2023-10-05,173.74,175.45,172.68,174.91,34873480.0,173.05
2023-10-06,173.89,177.99,173.18,177.49,40265915.0,175.6
2023-10-09,176.84,179.05,175.8,178.99,31003303.0,177.08
2023-10-10,178.1,179.72,177.95,178.39,31073817.0,176.49
2023-10-11,178.2,179.85,177.6,179.8,32263909.0,177.88
2023-10-12,180.07,182.34,179.04,180.71,42374800.0,178.78
2023-10-13,181.39,181.93,178.14,178.85,34527171.0,176.94
2023-10-16,176.75,179.08,176.51,178.72,38606920.0,176.82
2023-10-17,176.68,178.42,174.8,177.15,43819636.0,175.26
2023-10-18,175.57,177.58,175.11,175.84,38676161.0,173.97
2023-10-19,176.0,177.84,175.19,175.46,38884579.0,173.59
2023-10-20,175.37,175.42,172.64,172.88,42092639.0,171.04
2023-10-23,170.97,174.01,169.99,173.0,40440044.0,171.16
2023-10-24,173.0,173.67,171.45,173.44,31959415.0,171.59
2023-10-25,171.92,173.06,170.65,171.1,37398079.0,169.28
2023-10-26,170.43,171.38,165.67,166.89,49518707.0,165.11
2023-10-27,166.91,168.96,166.83,168.22,39346316.0,166.43
2023-10-30,169.02,171.17,168.87,170.29,36579410.0,168.47
2023-10-31,169.27,170.9,167.9,170.77,28971047.0,168.95
2023-11-01,171.05,174.23,170.12,173.97,38224244.0,172.12
2023-11-02,175.5,177.78,175.46,177.57,45544595.0,175.68
2023-11-03,174.24,176.82,173.35,176.65,56096402.0,174.77
2023-11-06,176.36,179.43,176.21,179.23,43332852.0,177.32
2023-11-07,179.18,182.44,178.97,181.82,45868762.0,179.88
2023-11-08,182.41,183.45,181.59,182.89,35294139.0,180.94
2023-11-09,182.96,184.12,181.81,182.41,37027098.0,180.47
2023-11-10,183.97,186.57,183.53,186.4,40797728.0,184.66
2023-11-13,185.77,186.03,184.21,184.8,28575250.0,183.07
2023-11-14,187.69,188.11,186.3,187.44,38263286.0,185.69
2023-11-15,187.84,189.5,187.78,188.01,34135430.0,186.25
2023-11-16,189.53,190.96,188.65,189.71,39381450.0,187.94
2023-11-17,190.25,190.38,188.57,189.69,33252170.0,187.92
2023-11-20,189.89,191.91,189.88,191.45,30197601.0,189.66
2023-11-21,191.46,191.52,189.74,190.64,26024307.0,188.86
2023-11-22,191.49,192.93,190.82,191.31,28997260.0,189.52
2023-11-24,190.87,190.9,189.25,189.97,16869554.0,188.19
2023-11-27,189.91,190.67,188.9,189.79,24406092.0,188.01
2023-11-28,189.78,191.08,189.4,190.4,25974829.0,188.62
2023-11-29,190.91,192.09,188.97,189.37,26023528.0,187.6
2023-11-30,189.84,190.32,188.19,189.95,26306438.0,188.17
2023-12-01,190.33,191.56,189.23,191.24,28330314.0,189.45
2023-12-04,189.98,190.05,187.45,189.43,29219762.0,187.66
2023-12-05,190.21,194.4,190.18,193.42,46523695.0,191.61
2023-12-06,194.45,194.76,192.11,192.32,26334940.0,190.52
2023-12-07,193.63,195.0,193.59,194.27,27981393.0,192.45
2023-12-08,194.08,195.99,193.67,195.71,32380166.0,193.88
2023-12-11,193.22,193.49,191.42,193.18,38429623.0,191.37
2023-12-12,192.92,194.72,191.72,194.71,30138188.0,192.89
2023-12-13,195.08,198.0,194.85,197.96,45361345.0,196.11
2023-12-14,198.01,199.62,196.16,198.11,45256860.0,196.26
2023-12-15,197.53,198.4,197.0,197.57,49384170.0,195.72
2023-12-18,196.11,196.63,194.39,195.89,34182739.0,194.06
2023-12-19,196.15,196.95,195.89,196.94,23052074.0,195.1
2023-12-20,196.86,197.68,194.83,194.83,31457688.0,193.01
2023-12-21,196.13,197.08,193.5,194.68,30799952.0,192.86
2023-12-22,195.17,195.41,192.97,193.6,25585126.0,191.79
2023-12-26,193.61,193.89,192.83,193.05,19653316.0,191.24
2023-12-27,192.49,193.5,191.09,193.15,30849812.0,191.34
2023-12-28,194.09,194.66,193.17,193.58,23169409.0,191.77
2023-12-29,193.88,194.4,191.72,192.53,25228963.0,190.73
2024-01-02,187.17,188.44,183.88,185.64,53279235.0,183.9
2024-01-03,184.29,185.88,183.43,184.25,37312996.0,182.53
2024-01-04,182.17,183.09,180.88,181.91,45414756.0,180.21
2024-01-05,181.94,182.76,180.17,181.18,42239191.0,179.48
2024-01-08,182.14,185.6,181.5,185.56,35168928.0,183.82
2024-01-09,183.92,185.15,182.73,185.14,27547611.0,183.41
2024-01-10,184.31,186.4,183.92,186.19,29786955.0,184.45
2024-01-11,186.54,187.05,183.62,185.59,31492172.0,183.85
2024-01-12,186.05,186.74,185.19,185.92,25045890.0,184.18
2024-01-16,182.25,184.26,180.93,183.63,39911564.0,181.91
2024-01-17,181.33,182.93,180.3,182.68,32890633.0,180.97
2024-01-18,186.19,189.14,185.83,188.63,53267878.0,186.87
2024-01-19,189.4,191.95,188.82,191.56,43745144.0,189.77
2024-01-22,192.29,195.33,192.27,193.89,39435081.0,192.08
2024-01-23,195.01,195.75,193.82,195.18,29546397.0,193.35
2024-01-24,195.41,196.38,194.34,194.5,34128125.0,192.68
2024-01-25,195.22,196.27,193.11,194.17,36888369.0,192.35
2024-01-26,194.26,194.76,191.94,192.42,28758985.0,190.62
2024-01-29,192.01,192.2,189.58,191.73,28291420.0,189.94
2024-01-30,190.95,191.8,187.47,188.04,38485121.0,186.28
2024-01-31,187.13,187.15,184.4,184.4,32401413.0,182.67
2024-02-01,184.01,186.95,183.81,186.86,34693782.0,185.11
2024-02-02,179.87,187.33,179.25,185.85,68467141.0,184.11
2024-02-05,188.13,189.25,185.84,187.68,45029472.0,185.92
2024-02-06,186.9,189.31,186.76,189.3,28955479.0,187.53
2024-02-07,190.61,191.05,188.61,189.41,34027742.0,187.64
2024-02-08,189.35,189.54,187.35,188.32,27107545.0,186.56
2024-02-09,188.64,189.99,188.0,188.85,30605293.0,187.32
2024-02-12,188.44,188.67,186.79,187.15,26279659.0,185.64
2024-02-13,185.8,186.21,183.51,185.04,33179215.0,183.54
2024-02-14,185.32,185.53,182.44,184.15,34581979.0,182.66
2024-02-15,183.5,184.49,181.35,183.86,41726269.0,182.37
2024-02-16,183.42,184.85,181.66,182.31,31569856.0,180.83
2024-02-20,181.77,182.43,180.0,181.56,32238666.0,180.09
2024-02-21,181.94,182.89,180.66,182.32,26528379.0,180.84
2024-02-22,183.55,184.96,182.46,184.37,32661400.0,182.88
2024-02-23,185.01,185.05,182.23,182.52,27612204.0,181.04
2024-02-26,182.33,182.76,180.65,181.16,26907748.0,179.69
2024-02-27,181.09,183.93,179.56,182.63,39483990.0,181.15
2024-02-28,182.57,183.12,180.13,181.42,34926079.0,179.95
2024-02-29,181.26,182.57,179.53,180.75,49571475.0,179.29
2024-03-01,179.57,180.53,177.38,179.66,52233422.0,178.21
2024-03-04,176.14,176.9,173.79,175.1,56421441.0,173.68
2024-03-05,170.76,172.04,169.64,170.12,62166306.0,168.74
2024-03-06,171.11,171.24,168.68,169.12,45607764.0,167.75
2024-03-07,169.12,170.73,168.49,169.0,48235740.0,167.63
2024-03-08,168.98,173.7,168.94,170.73,55242483.0,169.35
2024-03-11,172.98,174.38,172.05,172.75,39718783.0,171.35
2024-03-12,173.19,174.03,171.01,173.23,38749087.0,171.83
2024-03-13,172.88,173.19,170.76,171.13,32769529.0,169.75
2024-03-14,173.0,174.31,172.05,173.0,48925668.0,171.6
2024-03-15,171.17,172.62,170.28,172.62,53168815.0,171.22
2024-03-18,175.57,177.71,173.52,173.72,47457668.0,172.31
2024-03-19,174.34,176.61,173.03,176.08,33654282.0,174.66
2024-03-20,175.72,178.67,175.09,178.67,34595017.0,177.22
2024-03-21,177.05,177.49,170.84,171.37,76625123.0,169.98
2024-03-22,171.69,173.05,170.06,172.28,45033414.0,170.89
2024-03-25,170.57,171.94,169.45,170.85,35807471.0,169.47
2024-03-26,170.02,171.42,169.58,169.71,36024422.0,168.34
2024-03-27,170.39,173.6,170.11,173.31,39222940.0,171.91
2024-03-28,171.71,172.23,170.51,171.48,38371850.0,170.09
2024-04-01,171.14,171.25,169.47,170.03,29782807.0,168.65
2024-04-02,169.08,169.34,168.23,168.84,29687197.0,167.47
2024-04-03,168.79,170.68,168.58,169.65,30257441.0,168.28
2024-04-04,170.33,171.92,168.82,168.82,35392217.0,167.45
2024-04-05,169.59,170.39,168.95,169.58,26712604.0,168.21
2024-04-08,168.99,169.2,168.24,168.45,24370203.0,167.09
2024-04-09,168.77,170.08,168.35,169.67,30262562.0,168.3
2024-04-10,168.8,169.09,167.11,167.78,32749366.0,166.42
2024-04-11,168.28,175.46,168.16,175.04,62644878.0,173.62
2024-04-12,174.26,178.36,174.21,176.55,74376299.0,175.12
2024-04-15,175.36,176.63,172.5,172.69,47490684.0,171.29
2024-04-16,171.75,173.76,168.27,169.38,51750621.0,168.01
2024-04-17,169.56,170.65,168.0,168.0,31488759.0,166.64
2024-04-18,168.07,168.64,166.55,167.04,28787187.0,165.69
2024-04-19,166.24,166.4,164.07,165.0,43133678.0,163.66
2024-04-22,165.57,167.26,164.77,165.84,29420692.0,164.5
2024-04-23,165.31,167.05,164.95,166.9,29160825.0,165.55
2024-04-24,166.46,169.3,166.21,169.02,31088099.0,167.65
2024-04-25,169.54,170.61,168.15,169.89,33579769.0,168.52
2024-04-26,169.83,171.34,169.18,169.3,29394682.0,167.93
2024-04-29,173.37,176.03,173.1,173.5,44121526.0,172.1
2024-04-30,173.2,174.99,170.02,170.33,33202497.0,168.95
2024-05-01,169.58,172.71,169.11,169.3,30856797.0,167.93
2024-05-02,172.43,173.42,170.89,173.03,45199179.0,171.63
2024-05-03,186.65,187.0,182.66,183.38,109233902.0,181.9
2024-05-06,182.4,184.2,180.42,181.71,54178473.0,180.24
2024-05-07,183.48,184.9,181.32,182.4,50873295.0,180.92
2024-05-08,182.85,183.07,181.45,182.74,29903370.0,181.26
2024-05-09,182.57,184.66,182.11,184.57,33153910.0,183.08
2024-05-10,184.92,185.09,182.13,183.05,33127847.0,181.82
2024-05-13,185.5,187.1,184.62,186.28,47903079.0,185.02
2024-05-14,187.59,188.3,186.29,187.43,29492691.0,186.17
2024-05-15,187.83,190.65,187.37,189.72,45332147.0,188.44
2024-05-16,190.44,191.1,189.66,189.84,32651640.0,188.56
2024-05-17,189.53,190.81,189.18,189.87,25626968.0,188.59
2024-05-20,189.33,191.92,189.01,191.04,26683911.0,189.75
2024-05-21,191.09,192.73,190.92,192.35,26208821.0,191.05
2024-05-22,192.38,192.83,190.27,190.9,21461104.0,189.61
2024-05-23,190.98,191.01,186.62,186.88,30062458.0,185.62
2024-05-24,188.82,190.58,188.04,189.98,23580202.0,188.7
2024-05-28,191.51,193.0,189.1,189.99,33347373.0,188.71
2024-05-29,189.67,192.25,189.51,190.29,33475688.0,189.01
2024-05-30,190.78,192.18,190.63,191.29,30722521.0,190.0
2024-05-31,191.36,192.57,189.91,192.25,33815061.0,190.95
2024-06-03,193.01,194.99,192.52,194.03,33891860.0,192.72
2024-06-04,194.61,195.32,193.03,194.35,28346336.0,193.04
2024-06-05,195.44,196.9,194.87,195.87,34561156.0,194.55
2024-06-06,195.67,196.5,194.17,194.48,26750244.0,193.17
2024-06-07,194.65,196.94,194.14,196.89,36448348.0,195.56
2024-06-10,196.88,197.3,192.15,193.12,71535967.0,191.82
2024-06-11,193.69,207.16,193.63,207.15,129872109.0,205.75
2024-06-12,207.37,220.2,206.9,213.07,151273417.0,211.63
2024-06-13,214.74,216.75,211.6,214.24,63897707.0,212.79
2024-06-14,213.82,215.17,211.3,212.49,45296065.0,211.06
2024-06-17,213.36,218.95,212.72,216.67,63724763.0,215.21
2024-06-18,217.61,218.63,213.0,214.29,54635773.0,212.84
2024-06-20,213.96,214.24,208.85,209.68,55790688.0,208.27
2024-06-21,210.45,211.89,207.11,207.49,67962787.0,206.09
2024-06-24,207.67,212.7,206.59,208.14,51311575.0,206.74
2024-06-25,209.14,211.38,208.61,209.07,30860792.0,207.66
2024-06-26,211.5,214.86,210.64,213.25,41215368.0,211.81
2024-06-27,214.7,215.74,212.35,214.1,31916744.0,212.66
2024-06-28,215.79,216.07,210.3,210.62,42812041.0,209.2
2024-07-01,212.09,217.51,211.92,216.75,43395188.0,215.29
2024-07-02,216.15,220.38,215.1,220.27,38318670.0,218.78
2024-07-03,220.0,221.55,219.03,221.55,25362271.0,220.06
2024-07-05,221.65,226.45,221.65,226.34,40038555.0,224.81
2024-07-08,227.09,227.85,223.25,227.82,38367674.0,226.28
2024-07-09,227.88,229.4,226.37,228.68,31884331.0,227.14
2024-07-10,229.27,233.08,229.25,232.98,43471626.0,231.41
2024-07-11,231.21,232.39,225.77,227.57,41465091.0,226.03
2024-07-12,228.92,232.64,228.68,230.54,34735232.0,228.98
2024-07-15,236.47,237.23,233.09,234.4,38259399.0,232.82
2024-07-16,235.0,236.27,232.33,234.82,25550094.0,233.24
2024-07-17,229.46,231.46,226.64,228.88,35208308.0,227.34
2024-07-18,230.14,230.44,222.27,224.18,40368992.0,222.67
2024-07-19,224.84,226.8,223.27,224.31,30016556.0,222.8
2024-07-22,226.99,227.78,223.09,223.96,28150939.0,222.45
2024-07-23,224.37,226.94,222.68,225.01,22830815.0,223.49
2024-07-24,224.06,224.8,217.13,218.54,35903732.0,217.07
2024-07-25,218.87,220.85,214.62,217.49,33938088.0,216.02
2024-07-26,218.69,219.49,216.01,217.96,26029067.0,216.49
2024-07-29,216.96,219.3,215.75,218.24,23624190.0,216.77
2024-07-30,219.2,220.33,216.12,218.8,24927200.0,217.32
2024-07-31,221.44,223.82,220.63,222.08,27777929.0,220.58
2024-08-01,224.37,224.48,217.02,218.36,33073634.0,216.89
2024-08-02,219.15,225.6,217.71,219.86,62331422.0,218.38
2024-08-05,199.09,213.5,196.21,209.27,73239907.0,207.86
2024-08-06,205.31,209.99,201.07,207.23,42151560.0,205.83
2024-08-07,206.94,213.64,206.39,209.82,35552141.0,208.4
2024-08-08,213.11,214.2,208.83,213.31,27204963.0,211.87
2024-08-09,212.1,216.78,211.97,216.24,25382217.0,214.78
2024-08-12,216.14,219.51,215.6,217.53,23230152.0,216.31
2024-08-13,219.06,221.89,219.01,221.27,22666324.0,220.03
2024-08-14,220.42,223.03,219.7,221.72,23924019.0,220.48
2024-08-15,224.49,225.35,222.76,224.72,23312973.0,223.46
2024-08-16,223.78,226.83,223.65,226.05,22316376.0,224.78
2024-08-19,225.67,225.99,223.04,225.89,21320233.0,224.63
2024-08-20,225.75,227.17,225.45,226.51,16813068.0,225.24
2024-08-21,226.51,227.98,225.22,226.4,19031932.0,225.13
2024-08-22,227.77,228.34,223.9,224.53,22241199.0,223.27
2024-08-23,225.79,228.22,224.33,226.84,21084281.0,225.57
2024-08-26,226.76,227.28,223.89,227.18,17012188.0,225.91
2024-08-27,226.0,228.85,224.89,228.03,19556392.0,226.75
2024-08-28,227.92,229.86,225.68,226.49,22189191.0,225.22
2024-08-29,230.1,232.92,228.88,229.79,33023558.0,228.5
2024-08-30,230.19,230.4,227.48,229.0,24976455.0,227.72
2024-09-03,228.62,229.0,221.17,222.77,27801502.0,221.52
2024-09-04,221.7,221.78,217.48,220.85,27592088.0,219.61
2024-09-05,221.73,225.48,221.52,222.38,21551257.0,221.14
2024-09-06,224.0,225.24,219.77,220.82,26076136.0,219.58
2024-09-09,220.83,221.27,216.71,220.91,44734145.0,219.67
2024-09-10,218.9,221.48,216.73,220.11,31111473.0,218.88
2024-09-11,221.49,223.09,217.89,222.66,25706023.0,221.41
2024-09-12,222.51,223.55,219.82,222.77,22072947.0,221.52
2024-09-13,223.61,224.04,221.91,222.5,21515405.0,221.25
2024-09-16,216.52,217.22,213.92,216.32,37793399.0,215.11
2024-09-17,215.75,216.9,214.5,216.79,27069463.0,215.58
2024-09-18,217.55,222.71,217.54,220.69,36949401.0,219.45
2024-09-19,225.0,229.82,224.63,228.87,39418891.0,227.59
2024-09-20,229.97,233.09,227.62,228.2,74583167.0,226.92
2024-09-23,227.34,229.45,225.81,226.47,26221687.0,225.2
2024-09-24,228.59,229.35,225.73,227.37,17350217.0,226.1
2024-09-25,225.01,227.29,224.02,226.37,21355237.0,225.1
2024-09-26,227.31,228.5,225.41,227.52,18748888.0,226.25
2024-09-27,228.48,229.52,227.3,227.79,16596912.0,226.52
2024-09-30,230.04,233.0,229.65,233.0,26974970.0,231.7
2024-10-01,229.52,229.66,223.74,226.21,34814854.0,224.94
2024-10-02,225.89,227.37,223.02,226.78,20692888.0,225.51
2024-10-03,225.14,226.81,223.32,225.67,19585378.0,224.41
2024-10-04,227.9,228.0,224.13,226.8,19917855.0,225.53
2024-10-07,224.49,225.69,221.33,221.69,20405891.0,220.45
2024-10-08,224.25,225.98,223.25,225.77,17314641.0,224.51
2024-10-09,225.31,229.75,224.83,229.54,19486911.0,228.26
2024-10-10,227.8,229.5,227.17,229.04,14101451.0,227.76
2024-10-11,229.49,229.5,227.34,227.55,17332215.0,226.28
2024-10-14,228.7,231.73,228.6,231.3,18555324.0,230.01
2024-10-15,233.6,237.49,232.37,233.85,35033474.0,232.54
2024-10-16,231.71,232.12,229.84,231.78,20033352.0,230.48
2024-10-17,233.43,233.85,230.52,232.15,15724534.0,230.85
2024-10-18,236.18,236.18,234.01,235.0,25975087.0,233.68
2024-10-21,234.5,236.85,234.45,236.48,16193625.0,235.16
2024-10-22,233.88,236.22,232.6,235.86,17945634.0,234.54
2024-10-23,234.13,235.15,227.76,230.76,31601501.0,229.47
2024-10-24,229.98,230.82,228.41,230.57,16618148.0,229.28
2024-10-25,229.74,233.22,229.57,231.41,19223991.0,230.11
2024-10-28,233.34,234.73,232.55,233.4,17309209.0,232.09
2024-10-29,233.26,234.33,232.32,233.67,15878793.0,232.36
2024-10-30,232.63,233.23,229.55,230.1,22340728.0,228.81
2024-10-31,229.51,229.83,225.37,225.91,27401002.0,224.65
2024-11-01,221.0,225.35,220.27,222.91,36640900.0,221.66
2024-11-04,220.93,222.79,219.72,222.01,19530351.0,220.77
2024-11-05,221.8,223.95,221.14,223.45,15892199.0,222.2
2024-11-06,222.58,226.07,221.19,222.72,28869825.0,221.47
2024-11-07,224.63,227.88,224.57,227.48,21768115.0,226.21
2024-11-08,227.17,228.66,226.4,226.96,17128740.0,225.94
2024-11-11,224.99,225.7,221.5,224.23,23999572.0,223.22
2024-11-12,224.43,225.59,223.35,224.23,19864507.0,223.22
2024-11-13,224.01,226.65,222.76,225.12,20544396.0,224.11
2024-11-14,225.11,228.87,225.0,228.22,22330857.0,227.19
2024-11-15,225.7,226.92,224.27,225.0,21996750.0,223.99
2024-11-18,225.22,229.74,225.17,228.02,18581033.0,226.99
2024-11-19,226.65,230.16,226.65,228.28,16910837.0,227.25
2024-11-20,228.06,229.93,225.89,229.0,16182979.0,227.97
2024-11-21,228.85,230.16,225.71,228.52,22138570.0,227.49
2024-11-22,228.29,230.72,228.06,229.87,19966208.0,228.84
2024-11-25,231.45,233.25,229.74,232.87,26892705.0,231.82
2024-11-26,233.35,235.57,233.33,235.06,23333529.0,234.0
2024-11-27,234.44,235.69,233.81,234.93,16560530.0,233.87
2024-11-29,234.84,237.81,233.97,237.33,13507648.0,236.26
2024-12-02,237.27,240.79,237.16,239.59,22135929.0,238.51
2024-12-03,239.82,242.76,238.9,242.65,21010452.0,241.56
2024-12-04,242.87,244.11,241.25,243.01,20150972.0,241.92
2024-12-05,243.99,244.54,242.13,243.04,18736848.0,241.95
2024-12-06,242.91,244.63,242.08,242.84,19201673.0,241.75
2024-12-09,241.9,247.24,241.75,246.75,23971474.0,245.64
2024-12-10,246.91,248.21,245.34,247.77,19302261.0,246.65
2024-12-11,247.94,250.8,246.26,246.49,23651713.0,245.38
2024-12-12,246.89,248.74,245.68,247.96,15319612.0,246.84
2024-12-13,247.84,249.3,246.24,248.13,15962883.0,247.01
2024-12-16,247.99,251.38,247.65,251.04,19814176.0,249.91
2024-12-17,250.19,253.83,249.78,253.48,23241118.0,252.34
2024-12-18,252.16,254.28,247.74,248.05,28089652.0,246.93
2024-12-19,247.48,252.0,247.09,249.79,25706735.0,248.67
2024-12-20,248.04,255.0,245.69,254.49,39552831.0,253.34
2024-12-23,254.77,255.65,253.45,255.27,20237606.0,254.12
2024-12-24,255.49,258.21,255.29,258.2,11296761.0,257.04
2024-12-26,258.19,260.03,257.63,259.02,16342667.0,257.85
2024-12-27,257.83,258.7,253.06,255.59,22771841.0,254.44
2024-12-30,252.22,253.5,250.75,252.2,18333313.0,251.06
2024-12-31,252.44,253.28,249.43,250.42,18897800.0,249.29
2025-01-02,248.93,249.1,241.82,243.85,34311269.0,242.75
2025-01-03,243.4,244.18,241.89,243.36,23299547.0,242.26
2025-01-06,244.36,247.33,243.2,245.0,21345363.0,243.9
2025-01-07,242.7,245.55,241.35,242.21,20839538.0,241.12
2025-01-08,241.92,243.72,240.05,242.7,19196596.0,241.61
2025-01-10,240.0,240.16,233.0,236.85,33481119.0,235.78
2025-01-13,233.65,234.67,229.77,234.4,27109788.0,233.34
2025-01-14,234.75,236.12,232.47,233.28,19814621.0,232.23
2025-01-15,234.73,238.96,234.43,237.87,20466879.0,236.8
2025-01-16,237.32,238.01,228.03,228.26,43951332.0,227.23
2025-01-17,232.12,232.29,228.48,229.98,40901029.0,228.94
2025-01-21,224.0,224.42,219.38,222.64,56496450.0,221.64
2025-01-22,219.75,224.12,219.75,223.83,34849914.0,222.82
2025-01-23,224.73,227.03,222.3,223.66,34422904.0,222.65
2025-01-24,224.78,225.63,221.41,222.78,31809304.0,221.78
2025-01-27,224.02,232.15,223.98,229.86,54507674.0,228.83
2025-01-28,230.84,240.19,230.81,238.26,44379063.0,237.19
2025-01-29,234.12,239.86,234.01,239.36,26388668.0,238.28
2025-01-30,238.67,240.79,237.21,237.59,25244336.0,236.52
2025-01-31,247.09,247.19,233.44,236.0,55123227.0,234.94
2025-02-03,230.0,231.83,225.7,228.01,44021552.0,226.98
2025-02-04,227.25,233.13,226.65,232.8,25058543.0,231.75
2025-02-05,228.53,232.67,228.27,232.47,20449875.0,231.42
2025-02-06,231.32,233.8,230.42,233.22,16237765.0,232.17
2025-02-07,232.54,234.0,227.26,227.63,22173050.0,226.61
2025-02-10,229.52,230.59,227.2,227.65,16324716.0,226.87
2025-02-11,228.2,235.23,228.13,232.62,29100164.0,231.83
2025-02-12,231.12,236.96,230.68,236.87,24130243.0,236.06
2025-02-13,236.91,242.34,235.57,241.53,28122714.0,240.71
2025-02-14,241.21,245.35,240.99,244.6,23581090.0,243.77
2025-02-18,244.15,245.18,241.84,244.47,21465678.0,243.64
2025-02-19,244.66,246.01,243.16,244.87,16915146.0,244.04
2025-02-20,244.94,246.78,244.29,245.83,19064874.0,244.99
2025-02-21,246.01,248.69,245.22,245.55,28716437.0,244.71
2025-02-24,245.0,248.86,244.42,247.1,27787509.0,246.26
2025-02-25,248.0,250.0,244.91,247.04,27644733.0,246.2
2025-02-26,244.38,244.98,239.13,240.36,26055507.0,239.54
2025-02-27,239.61,242.46,237.06,237.3,20520636.0,236.49
2025-02-28,236.98,242.09,233.74,241.84,25233865.0,241.02
2025-03-03,241.81,244.03,236.11,238.03,24769630.0,237.22
2025-03-04,237.71,240.07,234.68,235.93,30530420.0,235.13
2025-03-05,235.43,236.55,229.23,235.74,26940242.0,234.94
2025-03-06,234.44,237.86,233.33,235.33,26407216.0,234.53
2025-03-07,235.17,241.37,234.76,239.07,30095115.0,238.26
2025-03-10,235.5,236.16,224.22,227.48,43234197.0,226.7
2025-03-11,223.82,225.84,217.45,220.84,44974442.0,220.09
2025-03-12,220.14,221.75,214.91,216.98,38748044.0,216.24
2025-03-13,215.94,216.84,208.42,209.68,38870537.0,208.97
2025-03-14,211.25,213.95,209.58,213.49,35431205.0,212.76
2025-03-17,213.31,215.22,210.0,214.0,27817291.0,213.27
2025-03-18,214.15,215.15,211.49,212.69,24692713.0,211.97
2025-03-19,214.09,218.76,213.75,215.24,28760698.0,214.51
2025-03-20,213.81,217.49,212.22,214.1,26158446.0,213.37
2025-03-21,211.51,218.84,211.28,218.27,36345830.0,217.53
2025-03-24,221.0,221.48,218.58,220.73,24160782.0,219.98
2025-03-25,220.77,224.1,220.08,223.75,19719670.0,222.99
2025-03-26,223.51,225.02,220.47,221.53,19730872.0,220.78
2025-03-27,221.39,224.99,220.56,223.85,19494683.0,223.09
2025-03-28,221.73,223.81,217.68,217.9,22273732.0,217.16
2025-03-31,217.2,225.62,216.23,222.13,32521427.0,221.37
2025-04-01,219.76,223.68,218.9,223.19,19998136.0,222.43
2025-04-02,221.35,225.19,221.02,223.89,18595157.0,223.13
2025-04-03,205.53,207.49,201.25,203.19,61468823.0,202.5
2025-04-04,193.92,199.88,187.34,188.38,74838788.0,187.74
2025-04-07,177.21,194.15,174.72,181.46,102060761.0,180.84
2025-04-08,186.53,190.34,169.21,172.42,73777164.0,171.83
2025-04-09,172.06,200.61,171.89,198.85,116322379.0,198.17
2025-04-10,189.06,194.78,183.0,190.42,68241467.0,189.77
2025-04-11,186.1,199.54,186.06,198.15,53770920.0,197.47
2025-04-14,211.43,212.94,201.16,202.52,66414971.0,201.83
2025-04-15,201.76,203.51,199.8,202.14,29238300.0,201.45
2025-04-16,198.36,200.7,192.37,194.27,35896165.0,193.61
2025-04-17,197.02,198.84,194.42,196.98,29851913.0,196.31
2025-04-21,193.31,193.8,189.81,193.16,23372077.0,192.5
2025-04-22,196.0,201.59,195.97,199.74,29453698.0,199.06
2025-04-23,205.99,208.0,202.79,204.6,30477438.0,203.9
2025-04-24,204.94,208.83,202.94,208.37,21891409.0,207.66
2025-04-25,206.35,209.75,206.2,209.28,19849830.0,208.57
2025-04-28,210.06,211.5,207.46,210.14,19037050.0,209.42
2025-04-29,208.8,212.24,208.37,211.21,16647114.0,210.49
2025-04-30,209.26,213.58,206.67,212.5,20863441.0,211.78
2025-05-01,208.9,214.56,208.9,213.32,26794399.0,212.59
2025-05-02,206.09,206.99,202.16,205.35,58989850.0,204.65
2025-05-05,203.1,204.1,198.21,198.89,38079557.0,198.21
2025-05-06,198.17,200.65,197.02,198.51,26765829.0,197.83
2025-05-07,199.11,199.44,193.25,196.25,35806508.0,195.58
2025-05-08,197.73,200.05,194.67,197.49,28596522.0,196.82
2025-05-09,199.0,200.54,197.53,198.53,21648319.0,197.85
2025-05-12,210.93,211.26,206.75,210.79,37355661.0,210.35
2025-05-13,210.37,213.4,209.0,212.93,27973594.0,212.48
2025-05-14,212.43,213.94,210.58,212.33,26654783.0,211.88
2025-05-15,210.89,212.96,209.54,211.45,25683123.0,211.01
2025-05-16,212.42,212.57,209.77,211.26,23530503.0,210.82
2025-05-19,207.78,209.48,204.26,208.78,26756901.0,208.34
2025-05-20,207.67,208.47,205.03,206.86,23605310.0,206.43
2025-05-21,205.17,207.04,200.71,202.09,37402809.0,201.67
2025-05-22,200.71,202.75,199.78,201.36,29211575.0,200.94
2025-05-23,193.67,197.7,193.46,195.27,48789980.0,194.86
2025-05-27,198.29,200.74,197.43,200.21,33513368.0,199.79
2025-05-28,200.53,202.73,199.9,200.42,23926798.0,200.0
2025-05-29,203.49,203.81,198.51,199.95,30411817.0,199.53
2025-05-30,199.39,201.96,196.78,200.85,28569554.0,200.43
2025-06-02,200.28,202.13,200.12,201.7,19744280.0,201.28
2025-06-03,201.35,203.77,200.95,203.27,23886947.0,202.84
2025-06-04,202.97,206.24,202.1,202.82,26294653.0,202.39
2025-06-05,203.56,204.75,200.15,200.63,28594150.0,200.21
2025-06-06,203.0,205.7,202.05,203.92,27398721.0,203.49
2025-06-09,204.44,206.0,200.02,201.45,48638919.0,201.03
2025-06-10,200.56,204.35,200.56,202.67,32190207.0,202.24
2025-06-11,203.5,204.5,198.41,198.78,37382618.0,198.36
2025-06-12,199.08,199.68,197.36,199.2,25791782.0,198.78
2025-06-13,199.83,200.37,195.7,196.45,31401929.0,196.04
2025-06-16,197.28,198.69,196.56,198.42,24685057.0,198.0
2025-06-17,197.2,198.39,195.21,195.64,21653955.0,195.23
2025-06-18,195.92,197.57,195.07,196.58,25443792.0,196.17
2025-06-20,198.12,201.7,196.85,201.0,46559234.0,200.58
2025-06-23,201.59,202.3,198.96,201.5,27831103.0,201.08
2025-06-24,202.59,203.44,200.2,200.3,33599593.0,199.88
2025-06-25,201.42,203.67,200.62,201.56,23480840.0,201.14
2025-06-26,201.44,202.64,199.46,201.0,31504289.0,200.58
2025-06-27,201.92,203.22,200.0,201.08,32705704.0,200.66
2025-06-30,201.99,207.39,199.26,205.17,54102691.0,204.74
2025-07-01,206.72,210.19,206.14,207.82,51670413.0,207.38
2025-07-02,208.99,213.34,208.14,212.44,47709793.0,211.99
2025-07-03,212.07,214.65,211.81,213.55,21913671.0,213.1
2025-07-07,212.72,216.23,208.8,209.95,30597625.0,209.51
2025-07-08,210.1,211.43,208.45,210.01,24616407.0,209.57
2025-07-09,209.53,211.33,207.22,211.14,30623245.0,210.7
2025-07-10,210.44,213.48,210.03,212.41,28382734.0,211.96
2025-07-11,210.43,212.13,209.86,211.16,21558284.0,210.72
2025-07-14,209.93,210.91,207.54,208.62,23931631.0,208.18
2025-07-15,209.22,211.89,208.92,209.11,23834647.0,208.67
2025-07-16,210.3,212.4,208.64,210.16,26057225.0,209.72
2025-07-17,210.72,211.8,209.59,210.02,28831926.0,209.58
2025-07-18,210.66,211.79,209.7,211.18,26709715.0,210.74
2025-07-21,212.14,215.78,211.63,212.48,31875276.0,212.03
2025-07-22,213.29,214.95,212.23,214.4,28434741.0,213.95
2025-07-23,215.09,215.15,212.41,214.15,28031489.0,213.7
2025-07-24,213.9,215.69,213.53,213.76,27690949.0,213.31
2025-07-25,214.64,215.24,213.4,213.88,22435977.0,213.43
2025-07-28,214.0,214.85,213.06,214.05,20979637.0,213.6
2025-07-29,214.16,214.81,210.89,211.27,28215124.0,210.83
2025-07-30,211.9,212.39,207.72,209.05,21796233.0,208.61
2025-07-31,208.49,209.84,207.16,207.57,35339307.0,207.13
2025-08-01,210.95,213.58,201.5,202.38,61194902.0,201.95
2025-08-04,204.46,207.88,201.67,203.35,41575582.0,202.92
2025-08-05,203.4,205.34,202.16,202.92,26016426.0,202.49
2025-08-06,205.63,215.38,205.59,213.25,68984952.0,212.8
2025-08-07,218.89,220.85,216.58,220.03,60566435.0,219.57
2025-08-08,220.86,231.0,219.25,229.35,81281357.0,228.87
2025-08-11,227.93,229.56,224.76,227.18,37446748.0,226.96
2025-08-12,228.01,230.8,227.07,229.65,31556177.0,229.43
2025-08-13,231.05,235.0,230.43,233.33,43477560.0,233.1
2025-08-14,234.01,235.06,230.85,232.78,29338129.0,232.55
2025-08-15,234.0,234.28,229.36,231.59,27976278.0,231.37
2025-08-18,231.77,233.12,230.11,230.89,21419078.0,230.67
2025-08-19,231.28,232.87,229.35,230.56,21164727.0,230.34
2025-08-20,229.97,230.47,225.77,226.01,23402459.0,225.79
2025-08-21,226.27,226.52,223.78,224.9,18942470.0,224.68
2025-08-22,226.17,229.09,225.41,227.76,23198421.0,227.54
2025-08-25,226.48,229.3,226.23,227.16,18561203.0,226.94
2025-08-26,226.86,229.49,224.69,229.31,19918324.0,229.09
2025-08-27,228.69,230.9,228.26,230.49,18181994.0,230.27
2025-08-28,230.82,233.41,229.33,232.56,20721721.0,232.33
2025-08-29,232.55,233.38,231.37,232.14,21074167.0,231.92
2025-09-02,229.25,230.85,226.97,229.72,22560705.0,229.5
2025-09-03,237.21,238.85,234.36,238.47,41876214.0,238.24
2025-09-04,238.45,239.9,236.74,239.78,27325798.0,239.55
2025-09-05,240.0,241.32,238.49,239.69,32231886.0,239.46
2025-09-08,239.3,240.15,236.34,237.88,28309913.0,237.65
2025-09-09,237.0,238.79,233.36,234.35,45145566.0,234.12
2025-09-10,231.97,232.42,225.95,226.79,51765395.0,226.57
2025-09-11,226.84,230.45,226.65,230.03,29374467.0,229.81
2025-09-12,229.3,234.51,229.02,234.07,32971785.0,233.84
2025-09-15,237.0,238.19,235.03,236.7,26998887.0,236.47
2025-09-16,237.12,241.22,236.32,238.15,37098569.0,237.92
2025-09-17,238.97,240.1,237.73,238.99,25145998.0,238.76
2025-09-18,239.96,241.2,236.65,237.88,24828491.0,237.65
2025-09-19,241.2,246.27,240.21,245.5,65360751.0,245.26
2025-09-22,248.3,256.64,248.12,256.08,67929923.0,255.83
2025-09-23,255.83,257.34,253.58,254.43,33620295.0,254.18
2025-09-24,255.25,255.58,251.04,252.31,21753461.0,252.07
2025-09-25,253.35,257.17,251.71,256.87,33679965.0,256.62
2025-09-26,254.18,257.6,253.78,255.46,24877099.0,255.21
2025-09-29,254.56,255.0,253.01,254.43,21788282.0,254.18
2025-09-30,254.89,255.92,253.11,254.63,18925926.0,254.38
2025-10-01,255.04,258.79,254.93,255.45,25515504.0,255.2
2025-10-02,256.59,258.18,254.15,257.13,24287379.0,256.88
2025-10-03,254.67,259.24,253.95,258.02,30080734.0,257.77
2025-10-06,257.99,259.07,255.05,256.69,23399815.0,256.44
2025-10-07,256.81,257.4,255.43,256.48,18973959.0,256.23
2025-10-08,256.52,258.52,256.11,258.06,18897335.0,257.81
2025-10-09,257.81,258.0,253.14,254.04,21470272.0,253.79
2025-10-10,254.94,256.38,244.65,245.27,34365839.0,245.03
2025-10-13,249.31,249.69,245.56,247.66,18746543.0,247.42
2025-10-14,246.6,248.85,244.7,247.77,17603499.0,247.53
2025-10-15,249.49,251.82,247.47,249.34,17213646.0,249.1
2025-10-16,248.28,249.04,245.13,247.45,23517994.0,247.21
2025-10-17,248.08,253.38,247.27,252.29,26060775.0,252.05
2025-10-20,255.89,264.38,255.63,262.24,53856089.0,261.99
2025-10-21,261.88,265.29,261.83,262.77,28223471.0,262.52
2025-10-22,262.61,262.85,255.43,258.45,25366395.0,258.2
2025-10-23,259.89,260.62,258.01,259.58,16292061.0,259.33
2025-10-24,261.16,264.13,259.18,262.82,23085665.0,262.57
2025-10-27,264.88,269.12,264.65,268.81,24139520.0,268.55
2025-10-28,269.01,269.89,268.15,269.0,25261165.0,268.74
2025-10-29,269.37,271.41,267.11,269.7,26967994.0,269.44
2025-10-30,271.99,274.14,268.48,271.4,31595250.0,271.14
2025-10-31,276.99,277.32,269.16,270.37,40570747.0,270.11
2025-11-03,270.48,270.85,266.25,269.05,22813649.0,268.79
2025-11-04,268.32,271.49,267.61,270.04,24536614.0,269.78
2025-11-05,268.61,271.7,266.93,270.14,18353179.0,269.88
2025-11-06,267.89,273.4,267.89,269.77,25440332.0,269.51
2025-11-07,269.8,272.29,266.77,268.47,26176590.0,268.21
2025-11-10,269.11,273.73,267.45,269.43,21519063.0,269.43
2025-11-11,269.85,275.91,269.8,275.25,28103275.0,275.25
2025-11-12,275.13,275.73,271.7,273.47,22192153.0,273.47
2025-11-13,274.27,276.7,272.09,272.95,21873012.0,272.95
2025-11-14,271.02,275.96,269.6,272.41,23279907.0,272.41
2025-11-17,268.83,270.49,265.73,267.46,21314781.0,267.46
2025-11-18,269.99,270.71,265.32,267.44,21656608.0,267.44
2025-11-19,265.54,272.21,265.5,268.56,20306034.0,268.56
2025-11-20,270.92,275.43,265.92,266.25,24720694.0,266.25
2025-11-21,265.94,273.33,265.67,271.49,30498266.0,271.49
2025-11-24,271.15,277.0,270.9,275.92,27717736.0,275.92
2025-11-25,275.27,280.38,275.25,276.97,22238292.0,276.97
2025-11-26,276.96,279.53,276.63,277.55,16595358.0,277.55
2025-11-28,277.37,279.0,275.98,278.85,9498788.0,278.85
2025-12-01,278.1,283.42,276.14,283.1,23632321.0,283.1
2025-12-02,282.99,287.4,282.63,286.19,26066733.0,286.19
2025-12-03,286.2,288.62,283.3,284.15,22586809.0,284.15
2025-12-04,284.1,284.73,278.59,280.7,22432307.0,280.7
2025-12-05,280.54,281.14,278.05,278.78,17290679.0,278.78
2025-12-08,278.11,279.67,276.15,277.89,18790681.0,277.89
2025-12-09,278.16,280.03,276.92,277.18,16879302.0,277.18
2025-12-10,277.84,279.75,276.44,278.78,15335546.0,278.78
2025-12-11,279.1,279.59,273.81,278.03,17462097.0,278.03
2025-12-12,277.91,279.22,276.82,278.28,18860844.0,278.28
2025-12-15,280.17,280.17,273.62,273.96,9874879.0,273.96
